id,first_name,last_name,email,gender,age
1,Ainslee,Wines,awines0@epa.gov,Female,63
2,Bernetta,Hallward,bhallward1@amazon.co.jp,Female,96
3,Jase,Dunnaway,jdunnaway2@bloglovin.com,Male,92
4,Stavro,Scaplehorn,sscaplehorn3@devhub.com,Male,65
5,Carolynn,Hornung,chornung4@about.me,Female,70
6,Jaine,Bernardi,jbernardi5@webeden.co.uk,Female,20
7,Orren,Tibbs,otibbs6@ehow.com,Male,29
8,Michel,Bushill,mbushill7@youku.com,Male,55
9,Odelle,Faustian,ofaustian8@w3.org,Female,69
10,Ursa,Lorenzetto,ulorenzetto9@patch.com,Female,92
11,Randolf,Jouannisson,rjouannissona@spotify.com,Male,63
12,Marti,Jouannisson,mjouannissonb@reverbnation.com,Female,10
13,Benedicta,Lyttle,blyttlec@t.co,Female,7
14,Auroora,Loren,alorend@usnews.com,Female,66
15,Reidar,McKew,rmckewe@ucoz.ru,Male,20
16,Nicola,Castro,ncastrof@newyorker.com,Male,92
17,Freda,Collumbine,fcollumbineg@blogs.com,Female,45
18,Richie,Coldbreath,rcoldbreathh@utexas.edu,Male,4
19,Montague,Ousby,mousbyi@imdb.com,Male,83
20,Gawain,Farbrother,gfarbrotherj@loc.gov,Male,22
21,Curt,Purle,cpurlek@washington.edu,Male,22
22,Ximenez,Conradie,xconradiel@seattletimes.com,Male,48
23,Brynne,Fooks,bfooksm@bluehost.com,Female,67
24,Birgitta,Pleasance,bpleasancen@bloomberg.com,Female,3
25,Morty,Kemball,mkemballo@fc2.com,Male,71
26,Cody,Cloy,ccloyp@sakura.ne.jp,Female,69
27,Aksel,Antill,aantillq@pcworld.com,Male,27
28,Gnni,Chazelle,gchazeller@devhub.com,Female,71
29,Jarrett,Doubrava,jdoubravas@apple.com,Male,76
30,Fredric,Alenichev,falenichevt@themeforest.net,Male,82
31,Sibyl,Strutton,sstruttonu@amazon.co.jp,Polygender,54
32,Claiborn,Eaddy,ceaddyv@ycombinator.com,Male,35
33,Adrian,Olyet,aolyetw@virginia.edu,Male,54
34,Gay,Mecchi,gmecchix@ameblo.jp,Female,26
35,Mendie,Fluck,mflucky@virginia.edu,Male,72
36,Tito,Chillingworth,tchillingworthz@aol.com,Male,65
37,Derron,Kubelka,dkubelka10@w3.org,Male,61
38,Merrily,Beavis,mbeavis11@i2i.jp,Female,54
39,Morgana,Cosker,mcosker12@phpbb.com,Agender,36
40,Jarred,Fluin,jfluin13@reverbnation.com,Male,21
41,Ailis,De Brett,adebrett14@ning.com,Female,3
42,Falito,Plume,fplume15@dot.gov,Polygender,20
43,Laetitia,Quarless,lquarless16@bluehost.com,Non-binary,69
44,Morna,Filintsev,mfilintsev17@vkontakte.ru,Female,53
45,Courtney,Barrowcliffe,cbarrowcliffe18@unicef.org,Female,52
46,Cobbie,Lambourn,clambourn19@phoca.cz,Male,71
47,Pavel,Pigney,ppigney1a@sun.com,Male,48
48,Homere,Bussen,hbussen1b@fema.gov,Male,34
49,Ulrich,Lawlings,ulawlings1c@geocities.com,Male,28
50,Sutton,Aggus,saggus1d@gnu.org,Male,38
51,Eugene,Capineer,ecapineer1e@plala.or.jp,Male,57
52,Branden,Carnelley,bcarnelley1f@usda.gov,Male,73
53,Ofilia,Gravie,ogravie1g@printfriendly.com,Female,81
54,Frazer,Pampling,fpampling1h@indiatimes.com,Male,64
55,Crista,Biaggelli,cbiaggelli1i@va.gov,Female,95
56,Ario,Van Dalen,avandalen1j@blog.com,Non-binary,57
57,Towney,Riccard,triccard1k@miitbeian.gov.cn,Male,30
58,Tedd,Ellit,tellit1l@ovh.net,Male,65
59,Carly,Chopy,cchopy1m@amazon.co.jp,Male,95
60,Britteny,Phillip,bphillip1n@about.com,Female,70
61,Vincenz,Ayris,vayris1o@yale.edu,Male,18
62,Elsbeth,Cawthra,ecawthra1p@geocities.com,Female,64
63,Rahal,McDougle,rmcdougle1q@ca.gov,Female,82
64,Jacquetta,Weatherup,jweatherup1r@edublogs.org,Bigender,87
65,Emilee,Simonnet,esimonnet1s@flickr.com,Polygender,64
66,Cyndia,Gillespey,cgillespey1t@woothemes.com,Female,57
67,Esmaria,Sellner,esellner1u@symantec.com,Female,100
68,Bernice,Cuel,bcuel1v@163.com,Female,100
69,Gayler,La Wille,glawille1w@ovh.net,Male,100
70,Winna,Rawne,wrawne1x@cloudflare.com,Female,27
71,Bastien,Hapke,bhapke1y@census.gov,Male,88
72,Noelyn,Letchford,nletchford1z@facebook.com,Female,78
73,Nathanael,Lahive,nlahive20@yellowpages.com,Male,37
74,Zelig,Garmon,zgarmon21@europa.eu,Male,73
75,Reinwald,Messingham,rmessingham22@dion.ne.jp,Male,42
76,Berne,Ferry,bferry23@elpais.com,Male,25
77,Pacorro,Lampens,plampens24@prnewswire.com,Male,62
78,Julius,Chamberlain,jchamberlain25@github.com,Male,71
79,Winni,Soughton,wsoughton26@youku.com,Female,11
80,Gabe,Ruperto,gruperto27@blinklist.com,Male,81
81,Kala,Yuranovev,kyuranovev28@irs.gov,Female,93
82,Emlynn,Wehner,ewehner29@toplist.cz,Female,54
83,Sergent,Billings,sbillings2a@pcworld.com,Male,78
84,Poul,Cheel,pcheel2b@netlog.com,Male,25
85,Wolfy,Hefner,whefner2c@yahoo.com,Male,39
86,Emilio,Tofpik,etofpik2d@narod.ru,Male,32
87,Krystal,Yepiskov,kyepiskov2e@g.co,Female,93
88,Samson,Wagstaffe,swagstaffe2f@geocities.jp,Male,59
89,Shelton,Mudle,smudle2g@squidoo.com,Male,80
90,Dermot,Griffoen,dgriffoen2h@tiny.cc,Agender,68
91,Liane,Barke,lbarke2i@bizjournals.com,Female,70
92,Monroe,Housbey,mhousbey2j@wiley.com,Male,36
93,Dalenna,Brittles,dbrittles2k@webeden.co.uk,Female,90
94,Rasla,Meharg,rmeharg2l@earthlink.net,Female,75
95,Kristen,Roberson,kroberson2m@uol.com.br,Female,37
96,Georgeanne,Parfett,gparfett2n@cdbaby.com,Female,86
97,Ronda,Riddett,rriddett2o@slashdot.org,Female,90
98,Tomlin,Levee,tlevee2p@wikispaces.com,Male,51
99,Cassandry,Loseke,closeke2q@amazon.com,Female,38
100,Jammal,Posnette,jposnette2r@nbcnews.com,Male,64
101,Chrystal,Ambrosio,cambrosio2s@acquirethisname.com,Female,71
102,Abra,Perri,aperri2t@sourceforge.net,Female,20
103,Cortie,Jedrych,cjedrych2u@sun.com,Male,9
104,Jedediah,Urling,jurling2v@elegantthemes.com,Male,95
105,Delmar,Leatherborrow,dleatherborrow2w@sciencedirect.com,Male,68
106,Justin,Ranyell,jranyell2x@hibu.com,Male,6
107,Dianne,Gingel,dgingel2y@jimdo.com,Female,14
108,Rufe,Crossdale,rcrossdale2z@paginegialle.it,Male,10
109,Dev,Calvard,dcalvard30@seesaa.net,Male,66
110,Meggi,Lindop,mlindop31@bbb.org,Female,37
111,Ranee,Rochell,rrochell32@army.mil,Female,46
112,Robinette,Goulden,rgoulden33@360.cn,Female,65
113,Lombard,McRobb,lmcrobb34@blogger.com,Male,46
114,Giralda,Tremayle,gtremayle35@adobe.com,Female,88
115,Aubrie,Morefield,amorefield36@ustream.tv,Female,4
116,Tracy,Stuehmeyer,tstuehmeyer37@baidu.com,Male,80
117,Aridatha,Mitcham,amitcham38@goo.ne.jp,Non-binary,29
118,Maxy,Jerschke,mjerschke39@microsoft.com,Male,86
119,Malory,Earle,mearle3a@fda.gov,Female,63
120,Quintana,Ivakin,qivakin3b@twitter.com,Female,63
121,Laurie,Skeleton,lskeleton3c@mlb.com,Male,25
122,Benedicto,Zuann,bzuann3d@stumbleupon.com,Male,89
123,Olenolin,Bysaker,obysaker3e@ebay.co.uk,Male,57
124,Kienan,Beamond,kbeamond3f@gravatar.com,Male,25
125,Nellie,Fewlass,nfewlass3g@usnews.com,Female,3
126,Enrique,Tredwell,etredwell3h@china.com.cn,Male,97
127,Windy,Latek,wlatek3i@wp.com,Female,25
128,Lexis,Baumler,lbaumler3j@rambler.ru,Female,60
129,Westley,Poulsum,wpoulsum3k@tripadvisor.com,Male,74
130,Ernesto,Crich,ecrich3l@tripadvisor.com,Agender,1
131,Anett,Ferraresi,aferraresi3m@wisc.edu,Non-binary,64
132,Charyl,Jubert,cjubert3n@japanpost.jp,Female,15
133,Aguie,Purseglove,apurseglove3o@arstechnica.com,Male,93
134,Jared,Rennie,jrennie3p@utexas.edu,Male,63
135,Eddie,Skaid,eskaid3q@europa.eu,Female,70
136,Lorette,Bachs,lbachs3r@digg.com,Agender,19
137,Carroll,Snape,csnape3s@dion.ne.jp,Female,46
138,Noella,Mounsey,nmounsey3t@nyu.edu,Female,13
139,Corny,Briggs,cbriggs3u@ehow.com,Female,31
140,Kordula,Arkin,karkin3v@loc.gov,Female,99
141,Eduino,Kidde,ekidde3w@psu.edu,Male,33
142,Eugine,MacKenzie,emackenzie3x@yelp.com,Female,17
143,Nonie,Nayer,nnayer3y@newsvine.com,Female,76
144,Juana,Busfield,jbusfield3z@bravesites.com,Female,16
145,Gabrila,Adamides,gadamides40@example.com,Female,9
146,Renee,Dudbridge,rdudbridge41@odnoklassniki.ru,Female,65
147,Luella,Corless,lcorless42@nymag.com,Female,6
148,Zared,Symington,zsymington43@mlb.com,Male,47
149,Zackariah,Plant,zplant44@goo.gl,Male,63
150,Shelley,Klagges,sklagges45@cyberchimps.com,Bigender,66
151,Randell,Seamons,rseamons46@latimes.com,Male,76
152,Collin,Atcock,catcock47@blog.com,Male,43
153,Editha,Needs,eneeds48@europa.eu,Female,29
154,Rick,Giovannini,rgiovannini49@shareasale.com,Male,87
155,Jerry,Snel,jsnel4a@zdnet.com,Male,85
156,Rayna,Raynham,rraynham4b@tripod.com,Female,10
157,Kent,Durrand,kdurrand4c@creativecommons.org,Male,29
158,Yasmin,Reichert,yreichert4d@house.gov,Female,91
159,Hugh,Delort,hdelort4e@dyndns.org,Genderqueer,42
160,Lari,Maillard,lmaillard4f@live.com,Female,19
161,Batholomew,Crockatt,bcrockatt4g@umn.edu,Male,89
162,Agnella,Croce,acroce4h@state.tx.us,Agender,59
163,Zahara,Beddingham,zbeddingham4i@studiopress.com,Female,60
164,Noelle,Banstead,nbanstead4j@vkontakte.ru,Female,59
165,Zonnya,Cossar,zcossar4k@apache.org,Female,99
166,Geri,Kulis,gkulis4l@reddit.com,Female,11
167,Ellie,Durdy,edurdy4m@artisteer.com,Female,37
168,Karrie,Dog,kdog4n@google.it,Female,20
169,Brett,Checchetelli,bchecchetelli4o@utexas.edu,Male,14
170,Morris,Klosges,mklosges4p@businessinsider.com,Male,4
171,Martguerita,Elesander,melesander4q@wordpress.org,Female,2
172,Ade,Skerm,askerm4r@tuttocitta.it,Male,10
173,Immanuel,Collerd,icollerd4s@gravatar.com,Male,15
174,Arleen,Dennidge,adennidge4t@who.int,Female,67
175,Elysia,Ashlee,eashlee4u@parallels.com,Non-binary,60
176,Stuart,Espinet,sespinet4v@flickr.com,Male,22
177,Efrem,Golborne,egolborne4w@samsung.com,Male,71
178,Dannye,Gosalvez,dgosalvez4x@sun.com,Female,46
179,Dory,Coster,dcoster4y@nbcnews.com,Male,63
180,Reinhold,Taw,rtaw4z@altervista.org,Genderfluid,88
181,Banky,Stratiff,bstratiff50@cbc.ca,Agender,7
182,Norrie,Edler,nedler51@netscape.com,Genderfluid,47
183,Charmane,Morfett,cmorfett52@epa.gov,Female,53
184,Leona,Stork,lstork53@taobao.com,Female,56
185,Jules,Ahrenius,jahrenius54@mapquest.com,Male,13
186,Odelle,Darrow,odarrow55@163.com,Female,42
187,Jorge,Shalliker,jshalliker56@shareasale.com,Genderqueer,56
188,Marietta,Peer,mpeer57@people.com.cn,Female,64
189,Herta,Mirralls,hmirralls58@vkontakte.ru,Female,44
190,Cele,Rolingson,crolingson59@oracle.com,Polygender,19
191,Germaine,Cundy,gcundy5a@hexun.com,Male,3
192,Mariellen,Kinahan,mkinahan5b@walmart.com,Female,84
193,Nate,Trussler,ntrussler5c@tripod.com,Male,30
194,Derrik,Butts,dbutts5d@sun.com,Male,43
195,Saba,Eunson,seunson5e@europa.eu,Female,7
196,Isador,Stowe,istowe5f@edublogs.org,Non-binary,39
197,Lilly,Paulack,lpaulack5g@godaddy.com,Female,40
198,Lauralee,Revening,lrevening5h@admin.ch,Female,76
199,Herc,Bresland,hbresland5i@bbb.org,Male,67
200,Elaina,Pester,epester5j@cbc.ca,Female,33
201,Claudine,Annetts,cannetts5k@scientificamerican.com,Female,6
202,Susan,Kreuzer,skreuzer5l@sbwire.com,Female,42
203,Jacques,Upwood,jupwood5m@mapy.cz,Male,26
204,Batholomew,Saurin,bsaurin5n@omniture.com,Male,3
205,Kalina,Fitchett,kfitchett5o@trellian.com,Female,90
206,Keelby,Bendelow,kbendelow5p@kickstarter.com,Male,21
207,Carissa,Sibray,csibray5q@cmu.edu,Female,18
208,Ebba,McAlinden,emcalinden5r@opensource.org,Female,87
209,Jerrome,Coppens,jcoppens5s@skyrock.com,Male,31
210,Leeann,Bakesef,lbakesef5t@guardian.co.uk,Female,65
211,Cassaundra,MacLaverty,cmaclaverty5u@ted.com,Female,45
212,Jefferey,Marcu,jmarcu5v@ted.com,Male,46
213,Lacie,Mc Giffin,lmcgiffin5w@ovh.net,Female,20
214,Marty,Winyard,mwinyard5x@mayoclinic.com,Female,93
215,Abbot,Ounsworth,aounsworth5y@1688.com,Male,45
216,Herbie,Lenthall,hlenthall5z@deliciousdays.com,Male,61
217,Rudyard,Doull,rdoull60@youtu.be,Male,91
218,Dunstan,Dunrige,ddunrige61@google.de,Male,57
219,Nickolaus,Syder,nsyder62@bloglines.com,Male,8
220,Morey,Annies,mannies63@businessinsider.com,Male,4
221,Evonne,Crilly,ecrilly64@lulu.com,Female,93
222,Shaun,Older,solder65@marriott.com,Female,63
223,Linc,Winfindale,lwinfindale66@i2i.jp,Male,41
224,Kareem,Kemmons,kkemmons67@xinhuanet.com,Male,71
225,Marlo,Brattan,mbrattan68@infoseek.co.jp,Male,61
226,Cherida,Dowglass,cdowglass69@bing.com,Female,99
227,Wally,Schollick,wschollick6a@toplist.cz,Non-binary,67
228,Helenelizabeth,Winch,hwinch6b@nsw.gov.au,Female,57
229,Montgomery,MacAleese,mmacaleese6c@google.com,Male,60
230,Godfrey,Loch,gloch6d@arstechnica.com,Male,64
231,Marlee,Micheau,mmicheau6e@last.fm,Female,17
232,Antonin,Kynder,akynder6f@macromedia.com,Male,2
233,Quill,Pudan,qpudan6g@goo.ne.jp,Male,8
234,Abram,Bridgnell,abridgnell6h@naver.com,Male,63
235,Deborah,Churchman,dchurchman6i@fc2.com,Female,99
236,Andi,Morrall,amorrall6j@economist.com,Female,3
237,Dugald,Corbin,dcorbin6k@mozilla.org,Male,74
238,Annalise,Tippings,atippings6l@shop-pro.jp,Female,37
239,Jourdain,Emanuele,jemanuele6m@fda.gov,Male,92
240,Ethelbert,Maymand,emaymand6n@t.co,Male,69
241,Shalom,Littlejohn,slittlejohn6o@wikispaces.com,Male,29
242,Dean,Shuter,dshuter6p@rediff.com,Genderqueer,59
243,Ferdinande,Grinval,fgrinval6q@sohu.com,Female,81
244,Worden,Simonson,wsimonson6r@adobe.com,Male,41
245,Colby,Tully,ctully6s@umn.edu,Male,11
246,Bordie,Kibbel,bkibbel6t@dion.ne.jp,Male,52
247,Thomasin,Bonifacio,tbonifacio6u@cargocollective.com,Female,45
248,Jonell,Coolahan,jcoolahan6v@alexa.com,Female,6
249,Del,Aymerich,daymerich6w@amazon.de,Male,78
250,Sidoney,Liebmann,sliebmann6x@g.co,Female,78
251,Carney,Ennever,cennever6y@sitemeter.com,Male,86
252,Adam,Thuillier,athuillier6z@gmpg.org,Male,14
253,Tomasina,Amdohr,tamdohr70@answers.com,Female,44
254,Charmian,McAtamney,cmcatamney71@cmu.edu,Female,34
255,Merilyn,Ellse,mellse72@digg.com,Female,24
256,Paige,Parlor,pparlor73@indiatimes.com,Male,15
257,Pierre,Olivari,polivari74@themeforest.net,Male,13
258,Peyter,Abramcik,pabramcik75@rediff.com,Polygender,44
259,Minne,Gebbie,mgebbie76@japanpost.jp,Female,67
260,Cesya,Erie,cerie77@mit.edu,Female,89
261,Scot,Lygo,slygo78@epa.gov,Male,48
262,Aldon,Toland,atoland79@cam.ac.uk,Male,12
263,Emylee,Oleksinski,eoleksinski7a@addthis.com,Female,25
264,Garry,Ruberti,gruberti7b@homestead.com,Male,43
265,Kelli,Durston,kdurston7c@ucla.edu,Female,79
266,Rosamond,Antoinet,rantoinet7d@mail.ru,Female,96
267,Melany,Scoble,mscoble7e@desdev.cn,Female,39
268,Lee,Sweetzer,lsweetzer7f@ftc.gov,Male,9
269,Kimberlee,Hiland,khiland7g@posterous.com,Female,50
270,Katharina,Canacott,kcanacott7h@irs.gov,Female,92
271,Audi,McGrirl,amcgrirl7i@irs.gov,Female,95
272,Catherin,Francomb,cfrancomb7j@npr.org,Female,31
273,Horatio,Tolworthy,htolworthy7k@amazon.co.uk,Male,88
274,Hewet,Gunthorpe,hgunthorpe7l@friendfeed.com,Male,4
275,Chery,Routledge,croutledge7m@xing.com,Female,73
276,Kyrstin,Gawthrop,kgawthrop7n@sogou.com,Female,78
277,Killy,Urry,kurry7o@yahoo.com,Male,20
278,Shepperd,Konert,skonert7p@foxnews.com,Non-binary,6
279,Lorenza,Tamplin,ltamplin7q@yandex.ru,Female,59
280,Prentice,Gilbey,pgilbey7r@google.co.uk,Male,11
281,Georas,Southam,gsoutham7s@timesonline.co.uk,Male,43
282,Paola,Macconaghy,pmacconaghy7t@walmart.com,Female,84
283,Wallie,Delgua,wdelgua7u@cbsnews.com,Male,75
284,Claude,Muckleston,cmuckleston7v@technorati.com,Female,2
285,Brennen,Leathley,bleathley7w@vkontakte.ru,Male,48
286,Sadella,Gallehawk,sgallehawk7x@mysql.com,Genderfluid,72
287,Reynard,Yglesia,ryglesia7y@github.com,Male,28
288,Mirelle,Micco,mmicco7z@odnoklassniki.ru,Female,24
289,Corene,Lennox,clennox80@nbcnews.com,Female,61
290,Zeb,Metzke,zmetzke81@rambler.ru,Male,43
291,Fonz,Hardaker,fhardaker82@springer.com,Male,37
292,Erek,Korf,ekorf83@360.cn,Male,30
293,Chris,Iglesiaz,ciglesiaz84@springer.com,Female,100
294,Jorgan,Loftin,jloftin85@typepad.com,Male,34
295,Clayton,Whal,cwhal86@washingtonpost.com,Male,68
296,Brigitta,Hudd,bhudd87@ebay.com,Female,56
297,Sonnie,McGrann,smcgrann88@gov.uk,Female,2
298,Millard,Maxwaile,mmaxwaile89@fema.gov,Male,8
299,Darryl,Haine,dhaine8a@meetup.com,Female,65
300,Lisle,Beane,lbeane8b@hatena.ne.jp,Male,77
301,Flss,Dawtrey,fdawtrey8c@google.com.hk,Female,86
302,Homer,Sudron,hsudron8d@google.fr,Male,54
303,Peder,Attwooll,pattwooll8e@theglobeandmail.com,Male,50
304,Aksel,Sailes,asailes8f@apple.com,Male,81
305,Anselma,Tregenza,atregenza8g@diigo.com,Female,51
306,Gothart,Dolden,gdolden8h@blinklist.com,Male,36
307,Denver,Borris,dborris8i@amazon.com,Male,83
308,Goldie,Ghelardoni,gghelardoni8j@bing.com,Female,40
309,Kerstin,Stuchbury,kstuchbury8k@springer.com,Female,33
310,Harley,Shakespeare,hshakespeare8l@cpanel.net,Female,27
311,Tull,Purvis,tpurvis8m@google.com,Male,78
312,Vania,Mallard,vmallard8n@google.ca,Female,36
313,Elianora,Martlew,emartlew8o@nps.gov,Female,31
314,Guntar,Chaffen,gchaffen8p@theatlantic.com,Male,67
315,Katharine,Descroix,kdescroix8q@utexas.edu,Female,57
316,Morgen,Kitson,mkitson8r@dailymotion.com,Female,85
317,Paulina,Eagan,peagan8s@etsy.com,Female,93
318,Pattie,Jacquemot,pjacquemot8t@java.com,Female,68
319,Ernie,Tottie,etottie8u@fastcompany.com,Male,3
320,Locke,Boorman,lboorman8v@youtube.com,Male,78
321,Ferdinande,Burcombe,fburcombe8w@biblegateway.com,Female,20
322,Ruth,Askaw,raskaw8x@usgs.gov,Female,44
323,Guenevere,Zoellner,gzoellner8y@time.com,Female,92
324,Barny,Simecek,bsimecek8z@github.com,Male,82
325,Nicole,Quigley,nquigley90@ifeng.com,Polygender,16
326,Niko,Corson,ncorson91@devhub.com,Male,84
327,Giffer,Topley,gtopley92@vimeo.com,Male,75
328,Nehemiah,Purkiss,npurkiss93@mapquest.com,Agender,29
329,Malvina,Dorling,mdorling94@army.mil,Female,99
330,Katie,Veal,kveal95@toplist.cz,Female,61
331,Stephie,Hoggetts,shoggetts96@icio.us,Female,85
332,Eddie,Bickell,ebickell97@godaddy.com,Female,21
333,Denni,MacGaffey,dmacgaffey98@linkedin.com,Bigender,68
334,Buck,Scripture,bscripture99@cdc.gov,Male,80
335,Francklin,Tomlins,ftomlins9a@amazonaws.com,Male,91
336,Dorie,Valentetti,dvalentetti9b@samsung.com,Female,19
337,Wenonah,Davio,wdavio9c@moonfruit.com,Female,72
338,Ara,Stithe,astithe9d@amazon.co.jp,Female,68
339,Olia,Beernaert,obeernaert9e@upenn.edu,Female,77
340,Darius,Govern,dgovern9f@blinklist.com,Genderqueer,49
341,Sallie,Bevan,sbevan9g@google.fr,Female,91
342,Abel,Ingley,aingley9h@bluehost.com,Male,21
343,Gabriela,Woolland,gwoolland9i@go.com,Female,87
344,Gasparo,Bicknell,gbicknell9j@noaa.gov,Male,98
345,Valma,Purselow,vpurselow9k@techcrunch.com,Female,69
346,Milo,Lewinton,mlewinton9l@ovh.net,Male,17
347,Dominique,O'Mullaney,domullaney9m@cloudflare.com,Male,52
348,Kirsteni,Sworder,ksworder9n@over-blog.com,Female,36
349,Greggory,Bruck,gbruck9o@nifty.com,Male,95
350,Kimberly,Szwarc,kszwarc9p@zdnet.com,Female,86
351,Dorrie,Bust,dbust9q@ning.com,Female,92
352,Kristin,Rosenau,krosenau9r@geocities.jp,Female,100
353,Oneida,Melson,omelson9s@studiopress.com,Female,26
354,Cheslie,Pickavant,cpickavant9t@hugedomains.com,Polygender,7
355,Blondell,Pennaman,bpennaman9u@taobao.com,Female,89
356,Filberto,Edward,fedward9v@phpbb.com,Male,76
357,Nathanial,Pritchett,npritchett9w@tiny.cc,Male,49
358,Wynne,Caff,wcaff9x@unc.edu,Female,91
359,Kennie,Weir,kweir9y@issuu.com,Male,65
360,Annamaria,Beardsley,abeardsley9z@dell.com,Female,88
361,Elladine,Yallop,eyallopa0@hexun.com,Female,48
362,Artie,Heazel,aheazela1@list-manage.com,Male,71
363,Isabelle,Davydochkin,idavydochkina2@disqus.com,Female,38
364,Marlon,Antonsen,mantonsena3@arizona.edu,Male,19
365,Melita,Bulfoot,mbulfoota4@51.la,Female,52
366,Sigfrid,Sikorsky,ssikorskya5@nifty.com,Male,56
367,Tilly,Gaskamp,tgaskampa6@discovery.com,Agender,16
368,Hendrika,Hiddersley,hhiddersleya7@ifeng.com,Female,29
369,Marni,Koopman,mkoopmana8@nasa.gov,Female,57
370,Florie,Leeves,fleevesa9@youtube.com,Female,73
371,Shaun,Caveill,scaveillaa@flavors.me,Female,76
372,Jarrid,Eton,jetonab@soundcloud.com,Male,70
373,Fletch,Picford,fpicfordac@mac.com,Male,61
374,Abbot,Dosdale,adosdalead@infoseek.co.jp,Male,71
375,Wyn,Fieldgate,wfieldgateae@yelp.com,Male,53
376,Vince,Holliar,vholliaraf@aboutads.info,Male,40
377,Giulio,Frapwell,gfrapwellag@google.es,Male,3
378,Joya,Domelaw,jdomelawah@w3.org,Female,75
379,Claudine,Dudny,cdudnyai@hibu.com,Female,25
380,Merrie,Quan,mquanaj@mediafire.com,Female,57
381,Robbert,McClaughlin,rmcclaughlinak@hhs.gov,Male,85
382,Constantine,Ciabatteri,cciabatterial@mac.com,Female,14
383,Marthena,Darlington,mdarlingtonam@sitemeter.com,Female,36
384,Cordelia,Kilday,ckildayan@fotki.com,Female,22
385,Debora,Embery,demberyao@constantcontact.com,Female,19
386,Bren,O' Bee,bobeeap@bluehost.com,Male,38
387,Celestine,Sallnow,csallnowaq@java.com,Female,87
388,Baird,Ollander,bollanderar@google.co.jp,Non-binary,98
389,Raimundo,Leathard,rleathardas@time.com,Male,47
390,Dian,Cardew,dcardewat@biblegateway.com,Female,26
391,Aundrea,Hallitt,ahallittau@discovery.com,Female,9
392,Nonnah,Kleen,nkleenav@cbslocal.com,Female,51
393,Fionnula,Gurnay,fgurnayaw@zdnet.com,Female,37
394,Clifford,Beyne,cbeyneax@trellian.com,Male,24
395,Tull,Cotty,tcottyay@tinypic.com,Male,38
396,Leupold,Wickardt,lwickardtaz@hao123.com,Male,25
397,Malinde,McCullough,mmcculloughb0@networkadvertising.org,Female,79
398,Regina,Souley,rsouleyb1@cnn.com,Female,41
399,Constancy,Alonso,calonsob2@liveinternet.ru,Bigender,33
400,Ethyl,Fallon,efallonb3@huffingtonpost.com,Female,25
401,Angelico,Di Gregorio,adigregoriob4@ycombinator.com,Male,74
402,Judie,Tows,jtowsb5@marketwatch.com,Female,21
403,Borg,Driffe,bdriffeb6@virginia.edu,Male,64
404,Sammy,Muirhead,smuirheadb7@java.com,Male,3
405,Robinson,Scothern,rscothernb8@sakura.ne.jp,Male,86
406,Kirsteni,Bartolomeo,kbartolomeob9@blogger.com,Female,62
407,Karlene,Everley,keverleyba@economist.com,Female,48
408,Baxter,Robun,brobunbb@google.com,Male,16
409,Roldan,Eddoes,reddoesbc@sphinn.com,Male,62
410,Valdemar,Dwyr,vdwyrbd@va.gov,Male,23
411,Dru,Boame,dboamebe@paypal.com,Male,45
412,Moyra,Gamlin,mgamlinbf@tmall.com,Female,65
413,Tate,Mothersdale,tmothersdalebg@hc360.com,Agender,1
414,Emelita,Smewin,esmewinbh@businessinsider.com,Female,92
415,Wald,Pattini,wpattinibi@chron.com,Male,27
416,Prissie,Le Cornu,plecornubj@blogtalkradio.com,Female,66
417,Donaugh,Costanza,dcostanzabk@amazon.co.uk,Male,27
418,Sophia,McRory,smcrorybl@booking.com,Female,1
419,Betta,Lovejoy,blovejoybm@seattletimes.com,Female,38
420,Rozanne,Brasener,rbrasenerbn@vimeo.com,Female,32
421,Janaya,Siddon,jsiddonbo@parallels.com,Female,6
422,Cindi,Older,colderbp@hp.com,Female,45
423,Leroy,Mollen,lmollenbq@biglobe.ne.jp,Male,77
424,Collen,McGuiness,cmcguinessbr@nih.gov,Female,8
425,Hedy,Jeandon,hjeandonbs@pbs.org,Female,48
426,Brittani,Plum,bplumbt@shop-pro.jp,Female,34
427,Nicki,Pattullo,npattullobu@imdb.com,Female,72
428,Elinore,Andress,eandressbv@phpbb.com,Female,40
429,Shelden,Emerson,semersonbw@wunderground.com,Male,69
430,Nita,Segrave,nsegravebx@sun.com,Female,95
431,Gwenny,Camies,gcamiesby@facebook.com,Female,94
432,Donavon,Korneichik,dkorneichikbz@yandex.ru,Male,53
433,Trudey,Pigdon,tpigdonc0@moonfruit.com,Female,66
434,Jana,Gierck,jgierckc1@freewebs.com,Female,70
435,Page,Challicum,pchallicumc2@liveinternet.ru,Male,30
436,Clemente,Rushmare,crushmarec3@wikia.com,Male,65
437,Matilda,Boate,mboatec4@hubpages.com,Female,55
438,Jenelle,Warcop,jwarcopc5@addtoany.com,Female,64
439,Gabriello,Hindmore,ghindmorec6@shutterfly.com,Male,79
440,Bradford,Hickisson,bhickissonc7@columbia.edu,Bigender,24
441,Reggie,Skeath,rskeathc8@wikia.com,Male,58
442,Grata,Connow,gconnowc9@blogs.com,Female,8
443,Bronson,McNally,bmcnallyca@163.com,Male,3
444,Chancey,Breffitt,cbreffittcb@cisco.com,Male,34
445,Tammie,Prendergrast,tprendergrastcc@alexa.com,Polygender,91
446,Evyn,Hought,ehoughtcd@illinois.edu,Agender,44
447,Claudianus,McAllister,cmcallisterce@jimdo.com,Male,24
448,Klemens,Marjoribanks,kmarjoribankscf@miibeian.gov.cn,Polygender,85
449,Millicent,Luxton,mluxtoncg@chronoengine.com,Female,50
450,Lindsy,Kamien,lkamiench@bbc.co.uk,Female,25
451,Dulsea,Espinel,despinelci@slashdot.org,Female,9
452,Britt,Carverhill,bcarverhillcj@umn.edu,Male,47
453,Lizzie,Baden,lbadenck@un.org,Female,58
454,Kelci,Brasseur,kbrasseurcl@prnewswire.com,Female,94
455,Steffie,Ruckman,sruckmancm@irs.gov,Female,60
456,Xavier,Shellcross,xshellcrosscn@marketwatch.com,Male,4
457,Curtis,De Paoli,cdepaolico@yolasite.com,Male,97
458,Annissa,Livens,alivenscp@vk.com,Female,74
459,Andree,Glading,agladingcq@etsy.com,Female,44
460,Lindi,Castlake,lcastlakecr@about.com,Female,83
461,Deb,Bault,dbaultcs@chicagotribune.com,Female,73
462,Kristi,Springer,kspringerct@dailymail.co.uk,Female,70
463,Melodie,Maddison,mmaddisoncu@state.gov,Female,82
464,Orland,Culbert,oculbertcv@naver.com,Male,6
465,Lorrayne,Cuxson,lcuxsoncw@smh.com.au,Female,2
466,Ebenezer,Buzzing,ebuzzingcx@webeden.co.uk,Male,13
467,Cam,Jurs,cjurscy@i2i.jp,Male,71
468,Nelson,Wall,nwallcz@webs.com,Male,72
469,Chancey,Bennington,cbenningtond0@cdbaby.com,Male,3
470,Rickie,Crumly,rcrumlyd1@cbc.ca,Male,37
471,Brit,Hatje,bhatjed2@elpais.com,Female,72
472,Othella,Aaron,oaarond3@berkeley.edu,Female,93
473,Blaine,Oatley,boatleyd4@woothemes.com,Male,93
474,Eberhard,Jirus,ejirusd5@mtv.com,Male,90
475,Ulysses,Dowdle,udowdled6@cbsnews.com,Male,10
476,Dorothea,Dench,ddenchd7@ft.com,Genderfluid,80
477,Marcos,Lanfere,mlanfered8@umn.edu,Male,48
478,Falkner,Braunle,fbraunled9@simplemachines.org,Male,50
479,Becka,Habbert,bhabbertda@drupal.org,Female,43
480,Twyla,Dunabie,tdunabiedb@squidoo.com,Female,93
481,Ryan,Espin,respindc@time.com,Male,15
482,Herb,Karp,hkarpdd@soundcloud.com,Male,44
483,Carmella,Whardley,cwhardleyde@narod.ru,Female,62
484,Halsy,Scrowston,hscrowstondf@4shared.com,Male,36
485,Laney,Asch,laschdg@redcross.org,Male,43
486,Pamelina,Verbrugge,pverbruggedh@youtube.com,Female,38
487,Meara,Clemenza,mclemenzadi@ycombinator.com,Female,25
488,Noreen,Sponton,nspontondj@gizmodo.com,Female,65
489,Gayleen,Pedycan,gpedycandk@cargocollective.com,Female,99
490,Lacy,Garford,lgarforddl@deliciousdays.com,Female,76
491,Guy,Bilney,gbilneydm@netvibes.com,Male,17
492,Evy,Dempster,edempsterdn@unicef.org,Female,3
493,Hillier,Greser,hgreserdo@cbslocal.com,Male,27
494,Adan,Lannin,alannindp@printfriendly.com,Genderqueer,26
495,Terrance,Keuneke,tkeunekedq@bravesites.com,Male,64
496,Jermaine,Stonhouse,jstonhousedr@accuweather.com,Female,83
497,Lari,Loade,lloadeds@odnoklassniki.ru,Female,82
498,Galvin,Hinz,ghinzdt@dailymail.co.uk,Bigender,99
499,Raimundo,Lassen,rlassendu@hubpages.com,Male,96
500,Brannon,Noice,bnoicedv@bravesites.com,Male,31
501,Jerald,Veal,jvealdw@yellowpages.com,Male,19
502,Domingo,Tather,dtatherdx@scientificamerican.com,Male,15
503,Claudell,Grocott,cgrocottdy@abc.net.au,Male,11
504,Jeff,Inggall,jinggalldz@technorati.com,Male,10
505,Wallis,Lyven,wlyvene0@wikimedia.org,Male,32
506,Konstanze,Glass,kglasse1@xinhuanet.com,Female,65
507,Rhys,Jones,rjonese2@nhs.uk,Male,55
508,Nerita,Gregon,ngregone3@fotki.com,Female,39
509,Willard,Spatarul,wspatarule4@cnn.com,Male,74
510,Archibald,Behnecke,abehneckee5@seattletimes.com,Male,18
511,Duff,Cornewell,dcornewelle6@huffingtonpost.com,Male,95
512,Shellie,Bateman,sbatemane7@hibu.com,Female,76
513,Pepita,Carlone,pcarlonee8@epa.gov,Female,11
514,Gordan,Ingerson,gingersone9@indiatimes.com,Male,64
515,Rikki,Dat,rdatea@plala.or.jp,Male,19
516,Ambrosio,Tremayle,atremayleeb@addthis.com,Non-binary,21
517,Jabez,Eyes,jeyesec@wisc.edu,Male,42
518,Tynan,Jovasevic,tjovaseviced@auda.org.au,Male,90
519,Ezekiel,Ronca,eroncaee@indiegogo.com,Male,32
520,Aurelia,Sabben,asabbenef@ucoz.ru,Female,42
521,Emelyne,Gooch,egoocheg@nydailynews.com,Female,68
522,Christian,Tomlin,ctomlineh@1und1.de,Male,75
523,Kendal,Haddleton,khaddletonei@geocities.com,Male,46
524,Clay,Gerkens,cgerkensej@illinois.edu,Male,42
525,Demetrius,Tremellan,dtremellanek@hhs.gov,Male,20
526,Dar,Blackston,dblackstonel@umich.edu,Non-binary,95
527,Floria,Harflete,fharfleteem@goo.gl,Female,16
528,Dynah,Clooney,dclooneyen@github.com,Female,40
529,Neal,Rickesies,nrickesieseo@g.co,Bigender,50
530,Clemmy,Meegin,cmeeginep@moonfruit.com,Female,64
531,Nick,O'Mannion,nomannioneq@webmd.com,Polygender,31
532,Renaldo,Hinchshaw,rhinchshawer@blog.com,Male,35
533,Leonerd,Tottem,ltottemes@de.vu,Male,27
534,Sargent,Muddicliffe,smuddicliffeet@pinterest.com,Male,5
535,Matt,Friary,mfriaryeu@unicef.org,Male,84
536,Dunstan,Farrears,dfarrearsev@columbia.edu,Male,46
537,Dilan,Espasa,despasaew@nbcnews.com,Male,14
538,Conant,MacFadyen,cmacfadyenex@bravesites.com,Male,15
539,Swen,Snarr,ssnarrey@yale.edu,Male,6
540,Sherwynd,Bools,sboolsez@godaddy.com,Male,95
541,Shaylyn,Moult,smoultf0@linkedin.com,Polygender,29
542,Myrvyn,Fenty,mfentyf1@virginia.edu,Male,56
543,Gratia,Greatbank,ggreatbankf2@simplemachines.org,Female,43
544,Celka,Simioni,csimionif3@utexas.edu,Female,54
545,Isidro,Blazevic,iblazevicf4@aboutads.info,Male,91
546,Carine,Bellord,cbellordf5@hao123.com,Female,100
547,Pierson,Houson,phousonf6@forbes.com,Bigender,99
548,Elisabetta,Coaten,ecoatenf7@accuweather.com,Female,56
549,Rowena,Cawse,rcawsef8@apache.org,Female,37
550,Ermina,Riddoch,eriddochf9@dion.ne.jp,Female,47
551,Ivor,Dohmann,idohmannfa@virginia.edu,Male,19
552,Hilliary,Audritt,haudrittfb@nature.com,Female,95
553,Westleigh,Anneslie,wannesliefc@fc2.com,Male,49
554,Giovanni,Copelli,gcopellifd@vinaora.com,Male,14
555,Elwood,Whistlecraft,ewhistlecraftfe@mediafire.com,Male,72
556,Leshia,Coole,lcooleff@mit.edu,Non-binary,31
557,Noland,Denkel,ndenkelfg@icio.us,Male,38
558,Hanna,Askey,haskeyfh@multiply.com,Female,26
559,Brenden,Bortolini,bbortolinifi@yellowbook.com,Male,69
560,Haskel,Cluney,hcluneyfj@google.ca,Male,19
561,Ines,Luffman,iluffmanfk@upenn.edu,Female,75
562,Sile,Chadney,schadneyfl@edublogs.org,Polygender,68
563,Jodie,Sanbroke,jsanbrokefm@google.nl,Female,67
564,Giselle,Vampouille,gvampouillefn@freewebs.com,Female,27
565,Renee,Kellet,rkelletfo@addthis.com,Agender,51
566,Krystal,Terris,kterrisfp@furl.net,Female,38
567,Jessamyn,Kearford,jkearfordfq@themeforest.net,Female,25
568,Bryan,Hanwright,bhanwrightfr@parallels.com,Male,44
569,Lucias,Kimmins,lkimminsfs@zdnet.com,Genderfluid,51
570,Aksel,Exer,aexerft@4shared.com,Male,35
571,Jolyn,Wittey,jwitteyfu@washingtonpost.com,Female,23
572,Rickard,Howles,rhowlesfv@zdnet.com,Male,83
573,Henryetta,Calrow,hcalrowfw@theglobeandmail.com,Female,70
574,Dev,Pennigar,dpennigarfx@samsung.com,Male,53
575,Lars,Morkham,lmorkhamfy@theguardian.com,Male,2
576,Mort,Edmund,medmundfz@eepurl.com,Male,16
577,Enriqueta,Turpey,eturpeyg0@constantcontact.com,Female,58
578,Alessandro,Philipet,aphilipetg1@imgur.com,Male,20
579,Guendolen,Dyshart,gdyshartg2@biglobe.ne.jp,Female,77
580,Sigfried,Di Giacomettino,sdigiacomettinog3@instagram.com,Male,38
581,Lory,Keyworth,lkeyworthg4@mapy.cz,Female,24
582,Fredrika,Lorne,florneg5@npr.org,Female,20
583,Ira,Niesing,iniesingg6@slashdot.org,Male,81
584,Fabian,Milligan,fmilligang7@cdc.gov,Male,58
585,Lia,Houlston,lhoulstong8@meetup.com,Female,83
586,Marlow,Ledward,mledwardg9@google.co.jp,Male,84
587,Abbott,Onslow,aonslowga@joomla.org,Male,80
588,Zenia,Bartlomiej,zbartlomiejgb@cbc.ca,Agender,19
589,Courtenay,Herety,cheretygc@oaic.gov.au,Female,31
590,Priscella,Willbond,pwillbondgd@weather.com,Female,100
591,Keslie,Honeyghan,khoneyghange@hibu.com,Female,71
592,Xever,Mayall,xmayallgf@ifeng.com,Male,62
593,Bradford,Noah,bnoahgg@businessinsider.com,Male,39
594,Kelcy,Skipping,kskippinggh@hostgator.com,Female,70
595,Eddy,McIlrath,emcilrathgi@cmu.edu,Female,72
596,Skipper,Klee,skleegj@latimes.com,Male,39
597,Albertina,Sherwin,asherwingk@ebay.com,Female,70
598,Minetta,Bowness,mbownessgl@rediff.com,Female,53
599,Hillary,Bellocht,hbellochtgm@loc.gov,Female,85
600,Jude,Mottini,jmottinign@weebly.com,Male,69
601,Gregor,Cheson,gchesongo@webeden.co.uk,Bigender,21
602,Brit,Alleyn,balleyngp@google.com.br,Male,44
603,Roseanna,Tichner,rtichnergq@slashdot.org,Female,44
604,Hortense,Krystof,hkrystofgr@uol.com.br,Female,14
605,Catie,Akister,cakistergs@nps.gov,Female,71
606,Jessamyn,Beddon,jbeddongt@hud.gov,Female,83
607,Pauli,Locker,plockergu@tripadvisor.com,Female,12
608,Shaughn,Akers,sakersgv@multiply.com,Male,30
609,Angel,Enever,aenevergw@php.net,Female,49
610,Ula,Brigg,ubrigggx@example.com,Genderfluid,10
611,Mari,Clark,mclarkgy@berkeley.edu,Female,11
612,Amara,McTeer,amcteergz@mozilla.com,Non-binary,73
613,Wylie,Godber,wgodberh0@fda.gov,Male,45
614,Windy,Sywell,wsywellh1@hugedomains.com,Female,47
615,Brandy,Skiplorne,bskiplorneh2@wsj.com,Male,46
616,Hymie,Kovelmann,hkovelmannh3@blinklist.com,Male,92
617,Brandais,Callington,bcallingtonh4@icq.com,Female,32
618,Carmelina,Laste,clasteh5@wisc.edu,Female,72
619,Alice,Brister,abristerh6@aol.com,Female,13
620,Kare,Dalgliesh,kdalglieshh7@gmpg.org,Female,28
621,Adey,Macvey,amacveyh8@mysql.com,Female,49
622,Ferdy,Hairyes,fhairyesh9@cnet.com,Male,72
623,Whitman,Giannotti,wgiannottiha@google.com.br,Male,27
624,Raphaela,Pedrocco,rpedroccohb@ow.ly,Female,55
625,Lannie,Dyet,ldyethc@yale.edu,Male,53
626,Esteban,Lindenbaum,elindenbaumhd@ted.com,Male,29
627,Faustine,Portam,fportamhe@mozilla.org,Female,13
628,Tamera,Orr,torrhf@spiegel.de,Agender,95
629,Penny,Knee,pkneehg@patch.com,Male,63
630,Chevy,Ludmann,cludmannhh@squarespace.com,Male,43
631,Aldwin,Ugo,augohi@home.pl,Male,27
632,Derk,Michie,dmichiehj@microsoft.com,Male,82
633,Benjamen,Bowsher,bbowsherhk@over-blog.com,Non-binary,17
634,Curtis,Staziker,cstazikerhl@simplemachines.org,Non-binary,5
635,Zebulen,Pagelsen,zpagelsenhm@tripod.com,Male,34
636,Nick,Vale,nvalehn@wiley.com,Male,73
637,Lark,Broseke,lbrosekeho@simplemachines.org,Female,74
638,Emmie,Yewen,eyewenhp@woothemes.com,Female,90
639,Morna,Robardet,mrobardethq@earthlink.net,Female,57
640,Neila,Lamartine,nlamartinehr@artisteer.com,Female,18
641,Cthrine,Dawltrey,cdawltreyhs@telegraph.co.uk,Female,98
642,Kayley,Hutton,khuttonht@wsj.com,Female,40
643,Wilton,Kike,wkikehu@canalblog.com,Male,97
644,Alfonso,Christley,achristleyhv@typepad.com,Male,24
645,Morissa,Syfax,msyfaxhw@state.tx.us,Female,41
646,Valma,Breston,vbrestonhx@reference.com,Female,80
647,Efrem,Finby,efinbyhy@ameblo.jp,Male,74
648,Cordelia,Tamburo,ctamburohz@cbsnews.com,Female,18
649,Kara-lynn,Sinney,ksinneyi0@census.gov,Female,34
650,Gabriello,Albisser,galbisseri1@alibaba.com,Bigender,49
651,Donavon,Spawton,dspawtoni2@amazon.com,Male,28
652,Vonni,Rawles,vrawlesi3@wix.com,Female,36
653,Ulises,Bayles,ubaylesi4@moonfruit.com,Male,98
654,Konrad,Libby,klibbyi5@flavors.me,Male,78
655,Reinwald,Davies,rdaviesi6@alexa.com,Male,21
656,Micaela,Readett,mreadetti7@ibm.com,Female,41
657,Heidi,Firmin,hfirmini8@bandcamp.com,Female,22
658,Sanderson,Wayvill,swayvilli9@upenn.edu,Male,48
659,Gillan,Guillet,gguilletia@ocn.ne.jp,Female,63
660,Tully,Sealey,tsealeyib@cocolog-nifty.com,Male,34
661,Blythe,Gaddesby,bgaddesbyic@photobucket.com,Female,28
662,Edythe,Selwyn,eselwynid@businessinsider.com,Female,40
663,Emmanuel,Molines,emolinesie@devhub.com,Male,71
664,Lanae,Theaker,ltheakerif@comsenz.com,Female,8
665,Ardyce,Kiddye,akiddyeig@netvibes.com,Female,77
666,Cherise,Claypole,cclaypoleih@dailymotion.com,Female,32
667,Warden,Currington,wcurringtonii@hostgator.com,Male,13
668,Arnaldo,Trangmar,atrangmarij@flickr.com,Male,92
669,Mace,McKeever,mmckeeverik@wp.com,Male,84
670,Maxie,Mincini,mminciniil@deliciousdays.com,Male,23
671,Rebekkah,Darrow,rdarrowim@free.fr,Female,60
672,Jennilee,Bartoleyn,jbartoleynin@taobao.com,Polygender,82
673,Kennedy,Danko,kdankoio@newsvine.com,Male,88
674,Joanna,Spain,jspainip@columbia.edu,Female,48
675,Madelin,Euels,meuelsiq@loc.gov,Female,48
676,Malinde,Melwall,mmelwallir@behance.net,Female,51
677,Annice,Dinsmore,adinsmoreis@addthis.com,Female,21
678,Nadean,Wildash,nwildashit@canalblog.com,Female,55
679,Mortie,Domerc,mdomerciu@meetup.com,Male,53
680,Federica,Mc Caughen,fmccaugheniv@topsy.com,Female,66
681,Oby,Mulran,omulraniw@marketwatch.com,Male,38
682,Shayne,MacCauley,smaccauleyix@google.es,Bigender,78
683,Diego,Morilla,dmorillaiy@paypal.com,Male,73
684,Danny,Mettericke,dmetterickeiz@phpbb.com,Female,89
685,Vincenz,Walkden,vwalkdenj0@huffingtonpost.com,Male,82
686,Skippy,Halleybone,shalleybonej1@exblog.jp,Male,8
687,Ellery,Szymon,eszymonj2@domainmarket.com,Male,13
688,Michael,Watkiss,mwatkissj3@reuters.com,Male,25
689,Mandel,Flatman,mflatmanj4@reference.com,Male,45
690,Vidovik,Darlington,vdarlingtonj5@timesonline.co.uk,Male,44
691,Susannah,Skarman,sskarmanj6@google.es,Female,82
692,Siffre,Drewett,sdrewettj7@nsw.gov.au,Male,81
693,Linnea,Burman,lburmanj8@hp.com,Female,17
694,Terri,Fremantle,tfremantlej9@zimbio.com,Female,46
695,Matty,McEvay,mmcevayja@photobucket.com,Female,14
696,Leeann,Caldroni,lcaldronijb@mozilla.com,Female,67
697,Ly,Whyman,lwhymanjc@google.ca,Male,41
698,Consuela,Norvill,cnorvilljd@vkontakte.ru,Female,16
699,Consuelo,Fetherstonhaugh,cfetherstonhaughje@pen.io,Female,4
700,Irena,Fassmann,ifassmannjf@linkedin.com,Female,8
701,Susan,Fellgatt,sfellgattjg@house.gov,Female,42
702,Crosby,Angrick,cangrickjh@wsj.com,Male,45
703,Darby,Muffen,dmuffenji@miitbeian.gov.cn,Male,75
704,Lexi,Waterstone,lwaterstonejj@bing.com,Female,22
705,Meaghan,Helian,mhelianjk@phoca.cz,Female,10
706,Patrizia,Oseman,posemanjl@mapquest.com,Female,46
707,Zelma,Rampley,zrampleyjm@boston.com,Female,86
708,Hallsy,Boyat,hboyatjn@infoseek.co.jp,Male,80
709,Mikey,Lukianovich,mlukianovichjo@dailymail.co.uk,Male,10
710,Veda,Cleminson,vcleminsonjp@parallels.com,Non-binary,18
711,Fey,Gabbetis,fgabbetisjq@ebay.co.uk,Female,27
712,Cynthy,Jagels,cjagelsjr@theglobeandmail.com,Female,52
713,Hyatt,Torrecilla,htorrecillajs@squidoo.com,Male,67
714,Shela,Campes,scampesjt@vkontakte.ru,Female,73
715,Jo,Plowes,jplowesju@theguardian.com,Female,83
716,Shelly,Astley,sastleyjv@xing.com,Female,83
717,Gian,Guislin,gguislinjw@pagesperso-orange.fr,Male,89
718,Filip,Pywell,fpywelljx@github.io,Male,27
719,Merrick,Ghiotto,mghiottojy@si.edu,Male,28
720,Chip,Perritt,cperrittjz@theglobeandmail.com,Male,57
721,Thurstan,Lunam,tlunamk0@51.la,Male,74
722,Lane,Zelner,lzelnerk1@instagram.com,Female,93
723,Godart,Sidary,gsidaryk2@dion.ne.jp,Male,80
724,Derick,Gatrill,dgatrillk3@pen.io,Male,10
725,Zachariah,Bener,zbenerk4@mysql.com,Male,16
726,Grantley,Bampfield,gbampfieldk5@webnode.com,Male,65
727,Charyl,Lawlan,clawlank6@latimes.com,Female,48
728,Paula,Oneill,poneillk7@hugedomains.com,Female,19
729,Burk,Sangra,bsangrak8@imgur.com,Genderqueer,69
730,Ericha,O'Heagertie,eoheagertiek9@nasa.gov,Female,5
731,Sydelle,Andrysiak,sandrysiakka@csmonitor.com,Female,81
732,Bibby,Cowern,bcowernkb@yolasite.com,Agender,93
733,Tedman,Ffoulkes,tffoulkeskc@tinypic.com,Male,80
734,Iver,Uman,iumankd@cbslocal.com,Male,35
735,Emilie,Simeonov,esimeonovke@hp.com,Female,17
736,Inigo,Haile,ihailekf@macromedia.com,Male,95
737,Karol,Stinson,kstinsonkg@symantec.com,Female,9
738,Ram,Curl,rcurlkh@huffingtonpost.com,Male,7
739,Tracey,Newcombe,tnewcombeki@networkadvertising.org,Male,73
740,Callida,Hackwell,chackwellkj@lycos.com,Female,36
741,Tyrus,Polak,tpolakkk@nymag.com,Male,15
742,Nanny,Armsden,narmsdenkl@uol.com.br,Female,63
743,Carly,Fittes,cfitteskm@ibm.com,Male,83
744,Guenevere,Sephton,gsephtonkn@unesco.org,Female,84
745,Harman,Bulmer,hbulmerko@cpanel.net,Male,94
746,Dasi,Partrick,dpartrickkp@pinterest.com,Female,47
747,Bernelle,Levesque,blevesquekq@macromedia.com,Female,32
748,Sal,Trollope,strollopekr@canalblog.com,Female,73
749,Elmira,Sangwine,esangwineks@feedburner.com,Genderfluid,28
750,Rivy,Bothram,rbothramkt@utexas.edu,Female,88
751,Philippine,Augustus,paugustusku@1688.com,Female,38
752,Mahala,Crinage,mcrinagekv@adobe.com,Female,23
753,Vernon,Iacobassi,viacobassikw@ezinearticles.com,Male,86
754,Aubine,Addie,aaddiekx@ehow.com,Female,51
755,Selia,Eastby,seastbyky@slideshare.net,Female,79
756,Anissa,Robben,arobbenkz@devhub.com,Polygender,38
757,Tessi,Abbet,tabbetl0@icq.com,Female,62
758,Quinn,Loveguard,qloveguardl1@sun.com,Female,12
759,Ursala,Duigenan,uduigenanl2@miitbeian.gov.cn,Female,80
760,Sylvester,Jevon,sjevonl3@cdc.gov,Male,49
761,Jimmie,Duffan,jduffanl4@adobe.com,Non-binary,77
762,Boote,Haggart,bhaggartl5@amazon.de,Genderqueer,61
763,Cad,Culligan,cculliganl6@intel.com,Male,32
764,Alfred,Scimoni,ascimonil7@usatoday.com,Agender,63
765,Dicky,Arnault,darnaultl8@state.gov,Male,58
766,Curt,Callard,ccallardl9@marketwatch.com,Male,92
767,Ebenezer,Tellenbrook,etellenbrookla@baidu.com,Male,10
768,Tamas,Skeleton,tskeletonlb@reddit.com,Male,91
769,Gennie,Paeckmeyer,gpaeckmeyerlc@newyorker.com,Genderfluid,56
770,Mommy,Seathwright,mseathwrightld@kickstarter.com,Female,85
771,Holly,Dyneley,hdyneleyle@spiegel.de,Agender,14
772,Maddie,Roussel,mroussellf@economist.com,Female,25
773,Johnette,Pinder,jpinderlg@cpanel.net,Female,43
774,Kean,Burnhard,kburnhardlh@nydailynews.com,Male,2
775,Felix,Braidon,fbraidonli@webeden.co.uk,Male,20
776,Brooks,Edworthie,bedworthielj@usda.gov,Genderfluid,68
777,Gordon,Budcock,gbudcocklk@dagondesign.com,Male,28
778,Aurea,Dessant,adessantll@nytimes.com,Female,65
779,Haywood,Rudderham,hrudderhamlm@google.fr,Polygender,30
780,Petronia,Celes,pcelesln@cnbc.com,Female,50
781,Deanna,Trevett,dtrevettlo@godaddy.com,Female,68
782,Tomas,Ribeiro,tribeirolp@craigslist.org,Male,43
783,Corby,Sawyer,csawyerlq@ustream.tv,Male,80
784,Jeanine,Kilgrew,jkilgrewlr@craigslist.org,Female,89
785,Duffie,Northall,dnorthallls@baidu.com,Male,5
786,Rooney,Gendrich,rgendrichlt@opera.com,Male,12
787,Lorens,Snead,lsneadlu@usgs.gov,Male,73
788,Winnie,Brinkman,wbrinkmanlv@unc.edu,Female,80
789,Marys,Boleyn,mboleynlw@usda.gov,Female,26
790,Mel,Lampett,mlampettlx@ft.com,Female,70
791,Atlanta,Wornham,awornhamly@cbslocal.com,Female,29
792,Konstance,Goady,kgoadylz@disqus.com,Female,36
793,Philippe,Egglestone,pegglestonem0@barnesandnoble.com,Female,21
794,Aylmar,Lanaway,alanawaym1@wikimedia.org,Male,24
795,Trev,Durden,tdurdenm2@geocities.jp,Male,83
796,Marris,Dunsmore,mdunsmorem3@jigsy.com,Genderfluid,97
797,Jaime,Sill,jsillm4@usda.gov,Female,46
798,Jessy,Maruska,jmaruskam5@de.vu,Female,16
799,Lesly,Gillson,lgillsonm6@elegantthemes.com,Female,69
800,Abbot,Hanselmann,ahanselmannm7@hubpages.com,Genderqueer,13
801,Darcee,Bagott,dbagottm8@nba.com,Female,89
802,Felice,Daish,fdaishm9@com.com,Male,39
803,Borden,Semper,bsemperma@about.me,Male,60
804,Nolana,Yanele,nyanelemb@so-net.ne.jp,Female,86
805,Stillmann,McPartling,smcpartlingmc@people.com.cn,Male,51
806,Eulalie,Leele,eleelemd@newsvine.com,Female,34
807,Meredithe,Beardsall,mbeardsallme@economist.com,Female,64
808,Goober,Newitt,gnewittmf@macromedia.com,Male,65
809,Moise,Buckenham,mbuckenhammg@examiner.com,Male,63
810,Alla,Scalia,ascaliamh@amazon.com,Female,29
811,Atlanta,Mathys,amathysmi@ed.gov,Female,83
812,Betta,Duffy,bduffymj@scientificamerican.com,Female,96
813,Nicol,Merle,nmerlemk@eepurl.com,Male,29
814,Cullie,Farahar,cfaraharml@gov.uk,Male,50
815,Margaux,Padillo,mpadillomm@typepad.com,Female,8
816,Harmonie,Bellam,hbellammn@census.gov,Female,33
817,Marylinda,Sreenan,msreenanmo@adobe.com,Female,96
818,Karlens,Gregorace,kgregoracemp@tripod.com,Male,68
819,Anne-corinne,Luckman,aluckmanmq@scribd.com,Female,76
820,Nehemiah,Blenkinsop,nblenkinsopmr@bloomberg.com,Male,42
821,Vin,Kilvington,vkilvingtonms@elegantthemes.com,Male,100
822,Rita,Crossman,rcrossmanmt@yolasite.com,Female,61
823,Phyllys,Klehyn,pklehynmu@virginia.edu,Female,20
824,Gabbie,Reeman,greemanmv@latimes.com,Male,15
825,Kalle,Simner,ksimnermw@bloglines.com,Male,69
826,Jobye,Wapple,jwapplemx@alibaba.com,Female,74
827,Nikolaos,Spurret,nspurretmy@seattletimes.com,Male,87
828,Zeb,Gentzsch,zgentzschmz@ebay.co.uk,Male,83
829,Aguste,Heard,aheardn0@com.com,Male,14
830,Pammi,Van Geffen,pvangeffenn1@bravesites.com,Female,77
831,Meredeth,Curnow,mcurnown2@istockphoto.com,Male,7
832,Merrel,Jurasek,mjurasekn3@creativecommons.org,Male,58
833,Jarrad,Tomaszynski,jtomaszynskin4@squidoo.com,Male,32
834,Lorry,Jerrand,ljerrandn5@engadget.com,Female,85
835,Elladine,Fass,efassn6@cbslocal.com,Female,60
836,Burke,Lehon,blehonn7@nasa.gov,Male,95
837,Kirbee,Iacobacci,kiacobaccin8@chicagotribune.com,Female,14
838,Diannne,Jina,djinan9@com.com,Female,90
839,Rose,Rackley,rrackleyna@globo.com,Female,46
840,Winslow,Karpinski,wkarpinskinb@w3.org,Non-binary,89
841,Finlay,Taylder,ftayldernc@cnet.com,Male,2
842,Selle,Fogden,sfogdennd@xing.com,Female,48
843,Orelle,Siderfin,osiderfinne@ovh.net,Female,16
844,Marge,Newborn,mnewbornnf@nytimes.com,Female,86
845,Berry,Solway,bsolwayng@shinystat.com,Agender,95
846,Emalia,Wilmot,ewilmotnh@cargocollective.com,Female,98
847,Whitaker,Hush,whushni@sbwire.com,Male,68
848,Camel,Blaik,cblaiknj@washington.edu,Female,21
849,Leonerd,Varran,lvarrannk@businesswire.com,Male,7
850,Reinhard,MacRedmond,rmacredmondnl@guardian.co.uk,Male,65
851,Kermie,Clancy,kclancynm@scribd.com,Male,13
852,Averill,Trinke,atrinkenn@fda.gov,Male,77
853,Cleopatra,Klaiser,cklaiserno@zimbio.com,Female,61
854,Sydney,Ovenell,sovenellnp@desdev.cn,Male,55
855,Jacquelin,Vasenin,jvaseninnq@godaddy.com,Female,12
856,Adan,Dumbrall,adumbrallnr@photobucket.com,Male,66
857,Reece,Berard,rberardns@google.ru,Male,38
858,Lin,Waggatt,lwaggattnt@wordpress.com,Female,20
859,Hester,Andri,handrinu@opensource.org,Female,5
860,Dehlia,Ruckman,druckmannv@kickstarter.com,Genderqueer,41
861,Julie,Dulake,jdulakenw@surveymonkey.com,Female,44
862,Warner,Lie,wlienx@buzzfeed.com,Non-binary,53
863,Helli,Velti,hveltiny@moonfruit.com,Bigender,18
864,Jo ann,Hasnip,jhasnipnz@icio.us,Female,64
865,Emmett,Haddleston,ehaddlestono0@google.nl,Male,38
866,Davidde,Churly,dchurlyo1@cafepress.com,Male,60
867,Bernie,Rushbury,brushburyo2@php.net,Female,90
868,Olympia,Cristoforetti,ocristoforettio3@jiathis.com,Female,16
869,Charlene,Cannam,ccannamo4@whitehouse.gov,Female,9
870,Clemmie,Byham,cbyhamo5@wired.com,Male,83
871,Ray,Borgne,rborgneo6@mapy.cz,Male,36
872,Christy,Alenichicov,calenichicovo7@woothemes.com,Female,70
873,Lucienne,Puxley,lpuxleyo8@nifty.com,Female,69
874,Marni,Mollindinia,mmollindiniao9@blinklist.com,Female,54
875,Bart,Filippov,bfilippovoa@is.gd,Male,88
876,Josie,Human,jhumanob@adobe.com,Female,19
877,Teodor,Chellam,tchellamoc@facebook.com,Genderfluid,17
878,Mayor,Houlston,mhoulstonod@craigslist.org,Male,96
879,Abagael,de Clerk,adeclerkoe@creativecommons.org,Female,26
880,Ingelbert,Ikin,iikinof@tiny.cc,Male,94
881,Gay,Leyban,gleybanog@technorati.com,Male,80
882,Yard,Geipel,ygeipeloh@disqus.com,Male,34
883,Billie,Wickie,bwickieoi@jimdo.com,Female,27
884,Tab,Wilkes,twilkesoj@ebay.com,Male,3
885,Tanner,Ridger,tridgerok@nsw.gov.au,Male,85
886,Mikkel,Closs,mclossol@narod.ru,Male,94
887,Andromache,Osbiston,aosbistonom@cmu.edu,Female,76
888,Rick,Claibourn,rclaibournon@behance.net,Non-binary,77
889,Bili,Knoller,bknolleroo@last.fm,Female,63
890,Ber,Mariot,bmariotop@cloudflare.com,Male,85
891,Morena,Blumer,mblumeroq@sbwire.com,Female,43
892,Smitty,McCafferty,smccaffertyor@php.net,Male,12
893,Jonell,Greene,jgreeneos@canalblog.com,Female,38
894,Bastian,Ticksall,bticksallot@dedecms.com,Male,12
895,Bealle,Sandys,bsandysou@ning.com,Male,94
896,Chancey,Loweth,clowethov@twitpic.com,Male,59
897,Denny,Haime,dhaimeow@plala.or.jp,Male,59
898,Hollyanne,Ashment,hashmentox@lulu.com,Female,63
899,Brander,Brigginshaw,bbrigginshawoy@japanpost.jp,Male,58
900,Kerwin,Northley,knorthleyoz@instagram.com,Male,51
901,Colene,Slot,cslotp0@chicagotribune.com,Female,49
902,Marley,Revett,mrevettp1@studiopress.com,Female,58
903,Marlin,Lapree,mlapreep2@mlb.com,Male,87
904,Leicester,Glidden,lgliddenp3@etsy.com,Male,84
905,Kenny,Nairne,knairnep4@ftc.gov,Male,87
906,Garwin,Lockey,glockeyp5@prnewswire.com,Male,24
907,Eddi,Bulter,ebulterp6@deliciousdays.com,Female,94
908,Willi,Southard,wsouthardp7@boston.com,Bigender,92
909,Vinni,Vevers,vveversp8@biglobe.ne.jp,Non-binary,5
910,Gregory,Bentley,gbentleyp9@yellowbook.com,Male,82
911,Mauricio,Eyes,meyespa@dot.gov,Male,55
912,Rutger,Quoit,rquoitpb@google.com.br,Male,53
913,Paten,Stuckow,pstuckowpc@imageshack.us,Male,35
914,Consuelo,Pavia,cpaviapd@buzzfeed.com,Female,83
915,Avictor,Bollins,abollinspe@netscape.com,Male,14
916,Saxon,Beddard,sbeddardpf@unicef.org,Male,98
917,Marlee,Northedge,mnorthedgepg@xinhuanet.com,Female,77
918,Gayelord,Caillou,gcaillouph@cafepress.com,Male,67
919,Ansley,Witter,awitterpi@buzzfeed.com,Female,23
920,Rodge,Taggerty,rtaggertypj@ow.ly,Male,28
921,Ignacius,Cussen,icussenpk@tmall.com,Male,12
922,Colline,McInulty,cmcinultypl@uol.com.br,Female,58
923,Dusty,Bonson,dbonsonpm@japanpost.jp,Female,1
924,Merlina,McGuff,mmcguffpn@walmart.com,Genderfluid,41
925,Skipp,Bedrosian,sbedrosianpo@ted.com,Genderqueer,72
926,Nap,Dumbelton,ndumbeltonpp@oracle.com,Male,38
927,Aida,Aleixo,aaleixopq@webs.com,Female,57
928,Theadora,Quilligan,tquilliganpr@army.mil,Female,1
929,Yalonda,Stoven,ystovenps@360.cn,Female,21
930,Valli,Zorzini,vzorzinipt@ocn.ne.jp,Female,43
931,Dacie,Skermer,dskermerpu@seesaa.net,Female,73
932,Raina,Carthy,rcarthypv@creativecommons.org,Female,22
933,Traver,Matten,tmattenpw@independent.co.uk,Male,71
934,Meghann,Shropshire,mshropshirepx@foxnews.com,Female,19
935,Constancia,Balam,cbalampy@facebook.com,Female,74
936,Carolan,Zaniolo,czaniolopz@sina.com.cn,Female,93
937,Callie,Stillman,cstillmanq0@berkeley.edu,Female,80
938,Doralynne,Treher,dtreherq1@state.gov,Female,93
939,Ardine,Fiddian,afiddianq2@webeden.co.uk,Female,98
940,Donnajean,Sporle,dsporleq3@ocn.ne.jp,Female,63
941,Mandel,Rodrigues,mrodriguesq4@vinaora.com,Male,16
942,Corina,Gidden,cgiddenq5@symantec.com,Female,8
943,Ed,Tivers,etiversq6@bluehost.com,Male,97
944,Leda,Askam,laskamq7@china.com.cn,Female,20
945,Gabbie,Knightly,gknightlyq8@people.com.cn,Male,90
946,Leroy,Clarkin,lclarkinq9@homestead.com,Male,40
947,Lou,Merton,lmertonqa@foxnews.com,Genderqueer,73
948,Conroy,Wheater,cwheaterqb@usatoday.com,Male,12
949,Warden,Biggadyke,wbiggadykeqc@cocolog-nifty.com,Male,11
950,Fabiano,Fishly,ffishlyqd@godaddy.com,Bigender,54
951,Noll,Kobisch,nkobischqe@cyberchimps.com,Male,23
952,Alie,Espinal,aespinalqf@livejournal.com,Female,54
953,Cchaddie,Dymick,cdymickqg@drupal.org,Male,81
954,Saul,Menicomb,smenicombqh@wisc.edu,Non-binary,43
955,Nona,Pheasey,npheaseyqi@shareasale.com,Female,61
956,Michael,Osboldstone,mosboldstoneqj@earthlink.net,Male,5
957,Clevie,Gomez,cgomezqk@homestead.com,Male,12
958,Daveen,Charlton,dcharltonql@theatlantic.com,Female,98
959,Tripp,Osgood,tosgoodqm@seattletimes.com,Male,38
960,Leroi,Humber,lhumberqn@sogou.com,Polygender,24
961,Cristina,Feldheim,cfeldheimqo@theglobeandmail.com,Female,67
962,Arel,Mayling,amaylingqp@moonfruit.com,Male,33
963,Cassy,Huggins,chugginsqq@nih.gov,Female,58
964,Ransom,Driffe,rdriffeqr@theglobeandmail.com,Male,36
965,Rollins,Ruckhard,rruckhardqs@economist.com,Non-binary,92
966,Cobby,d'Escoffier,cdescoffierqt@yellowbook.com,Male,55
967,Eleni,Oxnam,eoxnamqu@blogtalkradio.com,Female,4
968,Simona,McAuslene,smcausleneqv@phpbb.com,Female,50
969,Beatrice,Sandes,bsandesqw@github.com,Female,39
970,Kassie,Pouton,kpoutonqx@fema.gov,Female,39
971,Jany,Chadwyck,jchadwyckqy@google.ca,Female,90
972,Billy,Peete,bpeeteqz@dot.gov,Female,27
973,Jorge,Calf,jcalfr0@wp.com,Male,57
974,Bertram,Ross,brossr1@usatoday.com,Male,47
975,Cece,Thorouggood,cthorouggoodr2@elegantthemes.com,Male,20
976,Garrick,Jefferies,gjefferiesr3@a8.net,Male,90
977,Paige,Barthot,pbarthotr4@gov.uk,Male,94
978,Evangelia,Hassan,ehassanr5@fema.gov,Female,10
979,Shay,Godbehere,sgodbeherer6@shinystat.com,Female,81
980,Elsie,Daunter,edaunterr7@timesonline.co.uk,Female,77
981,Garwood,Crollman,gcrollmanr8@admin.ch,Male,27
982,Alric,Cheese,acheeser9@elegantthemes.com,Male,70
983,Ringo,Glasson,rglassonra@cbsnews.com,Male,62
984,Rahel,Smallwood,rsmallwoodrb@multiply.com,Female,33
985,Tynan,Esp,tesprc@soup.io,Male,4
986,Woodrow,Jenman,wjenmanrd@naver.com,Male,40
987,Giselbert,Derl,gderlre@stanford.edu,Male,32
988,Lyle,Ditchfield,lditchfieldrf@vistaprint.com,Male,10
989,Barnaby,Pharoah,bpharoahrg@timesonline.co.uk,Male,49
990,Dory,Nehls,dnehlsrh@so-net.ne.jp,Female,71
991,Rockie,Rispen,rrispenri@ebay.com,Male,70
992,Vevay,Dillow,vdillowrj@si.edu,Female,36
993,Joella,Billanie,jbillanierk@imgur.com,Female,70
994,Cordelia,Wilber,cwilberrl@nature.com,Female,26
995,Laird,Winckle,lwincklerm@wsj.com,Male,16
996,Any,Guymer,aguymerrn@netlog.com,Male,80
997,Ines,Gaymar,igaymarro@zdnet.com,Female,57
998,Christan,Drable,cdrablerp@youtu.be,Female,85
999,Ikey,Henner,ihennerrq@columbia.edu,Male,10
1000,Cindy,Richten,crichtenrr@salon.com,Female,86
